PID,Burst Time,Memory in MB
0,4070803469203,2052
1,3055851639621,6641
2,7152186754307,4350
3,2418221839703,4179
4,5292625731581,9085
5,9710421335977,9016
6,3488954153914,13832
7,7409125259266,12664
8,5645493647148,714
9,5980502338372,6134
10,1463299421352,14839
11,8868326046498,10435
12,7150268540495,983
13,974792992885,14617
14,8096003420797,14382
15,4737345379,12453
16,267115062501,3466
17,7027990260328,3659
18,4990148432172,5499
19,7144997620760,8659
20,6691534522078,1640
21,9588631260221,11012
22,8942852759666,9138
23,9135973176813,4278
24,1387499577504,96
25,9942953890624,4096
26,9147149590793,10704
27,5860140631827,2781
28,8595984533384,4101
29,3063348967126,12919
30,6780167664457,12432
31,6975031331801,6241
32,2685858921260,12851
33,9461967277687,10425
34,2357737253153,9515
35,2394295272791,14323
36,7469061775216,6398
37,6083913106032,2022
38,2585361114158,1501
39,651147767684,10732
40,7309768735354,7692
41,1325666913097,15452
42,399989873655,14099
43,6447905283237,9076
44,6269619980855,12607
45,2090604652178,10837
46,3529458175947,2734
47,5867609917206,14474
48,7603111474638,11726
49,906677150290,6759
50,7181005839522,1674
51,7838610768481,12572
52,3318630965708,6241
53,8893053942645,14354
54,2071764563306,3038
55,1569420739791,4270
56,7784939776765,9952
57,8062959566599,4111
58,8957972117131,11567
59,7268052088186,6216
60,6057092106952,13227
61,3465601876182,12004
62,3396622756531,9577
63,600983771770,4556
64,2067470937416,4010
65,4073307040493,7579
66,7313892291458,9239
67,5969012772057,12724
68,5915599327197,12091
69,863055198454,2382
70,5690144875468,4358
71,342774268563,9456
72,4434086574386,9627
73,7779155524691,11815
74,9424229934387,9741
75,3125849342607,1869
76,2396466994123,10032
77,7237140218667,7383
78,8950527659039,582
79,2995955146468,3956
80,2480230027566,12906
81,6299155743849,3836
82,9826742731029,3033
83,9068645503902,1488
84,972878804524,12547
85,8939176931942,11382
86,8434602056414,8234
87,6229546659199,12337
88,7952348550864,7631
89,658272838675,9871
90,9989510106625,8316
91,7424366754949,566
92,9310086749791,7746
93,3475625339275,1952
94,1968237961303,13187
95,9934235388141,2472
96,3849026867934,11792
97,3001267427009,3468
98,8933816340775,15753
99,6277447435534,12069
100,7391433703561,11273
101,4030879070993,6178
102,1682331532554,4673
103,9545620611366,5904
104,8709737336995,3727
105,9372984441507,9693
106,2442956223058,1998
107,315754292868,9044
108,9576324557816,12530
109,8741203864796,15247
110,5825257384669,4473
111,6072295322880,8984
112,2082293334929,13222
113,2769400797324,13696
114,6486439480027,978
115,2678039943158,7173
116,9397911519849,4593
117,5663690987168,4271
118,9523663702679,4736
119,3175200349757,11459
120,6720733791058,1201
121,3749418857057,5404
122,7694872726137,10325
123,8369411423889,9556
124,5730633360697,6174
125,688516310705,15446
126,9492638498268,14766
127,4230326741233,2382
128,374886448618,10075
129,1017474111865,5150
130,5807068398441,15705
131,1776546422976,10601
132,8334242336883,8558
133,2078453491683,14323
134,4561801097727,12324
135,4926472085293,2152
136,4248079885626,6860
137,8715334910620,7120
138,8747244913663,13011
139,2398333897400,5710
140,6690124276215,3145
141,3948249644721,12675
142,474506855821,6086
143,3765652891219,7651
144,7265941800538,13830
145,7504801103552,1446
146,215209240068,5286
147,2961272295173,3935
148,4295378205314,11410
149,3353089019028,9263
150,6631646709572,5941
151,7632085613932,13259
152,908163183226,5774
153,6035569479071,10795
154,2941106963327,1008
155,2152783863491,15309
156,4643410046993,8151
157,6857081225982,12532
158,1819685328243,3938
159,3452298978793,13901
160,9155698905163,5531
161,9329174297347,10515
162,224536048449,316
163,533977188561,11194
164,7471355702703,13394
165,4802508689687,14006
166,4487465950111,6774
167,2596989301924,1755
168,4768787113552,6648
169,5381714958765,7396
170,126745659708,2344
171,9347194425875,2786
172,599267666519,13282
173,4151449863069,15764
174,4446298056224,2075
175,7623009723998,10636
176,9111255525707,12071
177,98299186658,15194
178,5335211152680,284
179,4259970757566,192
180,5424754151183,13405
181,9594468604372,3980
182,2870240586462,1066
183,8642877817845,11090
184,6323769019431,4040
185,4645618676661,9285
186,3476207206136,10996
187,8411417454873,13933
188,9622843168409,3201
189,2495526559081,13071
190,9650530590272,13956
191,8242900879167,1041
192,5387410817505,3471
193,1720709006669,5277
194,5207143715498,4999
195,4944046382957,6801
196,1893809572060,2039
197,8884886296058,15673
198,1889872534761,5889
199,1839838697257,889
200,8420427550610,14251
201,5201670598194,2851
202,5724724086448,8293
203,425326541998,11679
204,1202566237461,7915
205,5995610765090,10963
206,6007504990151,13766
207,6492685141632,1860
208,1094215499166,7559
209,7902560695041,11972
210,7435501020421,15950
211,6033796135470,14685
212,3940959512509,5655
213,7289508625898,3542
214,764268327498,15015
215,197498127410,5742
216,5696891033957,3335
217,9541923976680,3141
218,1309546867379,10134
219,6270506054275,10891
220,8433006677267,13558
221,2645753377876,2653
222,4774177797970,15592
223,4614852982639,13421
224,8194683104682,9635
225,3323806920504,14012
226,9944804203931,9149
227,848729635047,13132
228,1749648152970,10100
229,88492396697,9113
230,7323192102756,12602
231,3452745433209,3867
232,5467879212768,8087
233,2538272285743,8514
234,5389607573950,12995
235,8560346386245,3503
236,494361025695,15716
237,9518098565279,13911
238,8289963809272,4661
239,1108339800932,12297
240,4457779999327,10876
241,2519495478328,15373
242,5266712102572,14617
243,6049736605919,14245
244,4706759412681,4245
245,9978175046893,14440
246,2463809573762,10789
247,7263196867473,3478
248,6801877751179,10675
249,4020334907651,6899
